id;name;day;conf_number
1;Hat Fantastic;2020-09-27T16:34:04;viral
2;Developer;2020-09-27T10:44:43;grey bricks-and-clicks
3;Colombian Peso Unidad de Valor Real Generic Plastic Towels Investment Account;2020-09-28T08:15:21;Tasty Wooden Ball
4;implement haptic virtual;2020-09-27T23:55:53;Mouse focus group
5;card human-resource;2020-09-27T12:06:26;bus
6;Assimilated indigo Forward;2020-09-27T09:08:41;Avon
7;Road invoice Solutions;2020-09-28T07:17:32;Metal Pants
8;migration Money Market Account;2020-09-27T13:56:21;Balboa US Dollar Cambridgeshire
9;invoice facilitate bandwidth;2020-09-27T15:57:19;azure Lodge Iowa
10;US Dollar schemas;2020-09-27T14:47:02;Heard Island and McDonald Islands
