id;name;total_people;signd_people;attendance;order_num;parent_id
1;Montana impactful Florida;18326;28109;9011;70802;2379
2;Orchestrator;37136;21721;32807;3723;90379
3;secondary Crest Clothing;83543;79455;76242;82266;31625
4;Principal;68844;7273;81247;36073;73253
5;Director Brand Licensed Concrete Computer;66125;76879;19724;27083;41799
6;Web;6725;9407;18774;86127;88992
7;Games connecting;31782;43987;88281;85221;73434
8;Credit Card Account;16558;80244;24367;51586;23416
9;silver utilisation;79537;49509;4442;58868;43055
10;Granite Gorgeous Concrete Shirt;91967;6195;89609;72989;78368
