id;phone_code;phone;email;seat;group_ids;start_time;end_time;name_cn;name_en;company_cn;company_en;title_cn;title_en;remark;ddid;update_time;create_time;sign_time;meet_id
1;parsing Mount District;318.189.1632 x695;Coleman.Krajcik@gmail.com;compress;content Ergonomic Texas;2020-09-26T09:40:49;2020-09-26T11:30:54;facilitate;Cambridgeshire;system Rustic Zimbabwe;web services;markets projection;Awesome Handcrafted Frozen Soap;utilize Avon Clothing;Engineer;2020-09-26T20:15:27;2020-09-26T13:25:26;2020-09-26T19:10:09;12462
2;back-end overriding;(666) 788-4630 x2570;Ines.Collins52@hotmail.com;Sleek Soft Bike mobile Sleek;Investment Account National Generic Granite Tuna;2020-09-26T12:34:35;2020-09-26T09:04:14;expedite;Optimized Refined Principal;Kuwaiti Dinar Music;Investor;full-range evolve;JSON;functionalities Research Tennessee;Shirt Paradigm Granite;2020-09-26T22:34:24;2020-09-26T19:02:31;2020-09-27T01:06:06;66682
3;Jersey;660.125.4015;Gilda59@hotmail.com;Response connecting Enterprise-wide;matrix Engineer;2020-09-26T18:10:32;2020-09-26T07:56:46;SMS orchestrate;Mountain;enterprise Cliffs California;Oklahoma solid state;payment Buckinghamshire;Incredible transmitting;Credit Card Account connect;Credit Card Account Bedfordshire Ridge;2020-09-26T08:40:16;2020-09-26T15:45:19;2020-09-26T17:09:20;19943
4;compress Virgin Islands, British;888.800.7042;Matilda22@yahoo.com;redefine Stream;Dynamic Cape Verde;2020-09-26T23:02:03;2020-09-26T16:52:37;teal;Soap 1080p override;discrete Cotton;bypass Chicken Berkshire;Berkshire teal;Investment Account;unleash Soft Guinea-Bissau;sticky Executive Borders;2020-09-27T01:10:05;2020-09-26T04:28:35;2020-09-26T10:01:23;47466
5;Toys ROI;(440) 931-2959 x284;Jefferey62@yahoo.com;Pants Michigan Dynamic;PNG Personal Loan Account Bedfordshire;2020-09-26T19:40:42;2020-09-26T17:12:25;Industrial Stand-alone;Mobility Bond Markets Units European Composite Unit (EURCO);black;Money Market Account payment SMTP;SQL connect;Borders;redefine primary;Programmable Mountains Vermont;2020-09-26T07:56:27;2020-09-26T19:59:03;2020-09-26T08:17:03;90543
6;Road Pitcairn Islands Granite;(686) 336-3711 x8571;Alvah97@yahoo.com;regional Incredible Plastic Sausages XML;Liberian Dollar Officer;2020-09-26T04:58:08;2020-09-26T23:55:34;Customer-focused Checking Account;Heights Cheese;Chicken redundant methodologies;bluetooth;Sausages SCSI;Home Loan Account Consultant synthesizing;Bermudian Dollar (customarily known as Bermuda Dollar);yellow;2020-09-27T00:25:20;2020-09-26T23:09:02;2020-09-26T03:51:15;54840
7;Incredible Plastic Soap e-commerce Organic;152.579.3020 x3954;Cecilia5@gmail.com;hacking Congolese Franc;payment;2020-09-26T03:20:46;2020-09-26T15:46:01;even-keeled Central salmon;payment;Communications Usability Home Loan Account;Electronics;Investment Account Fantastic;protocol Shoes North Carolina;Plastic;zero defect user-centric Intelligent Concrete Pants;2020-09-26T10:02:14;2020-09-26T18:06:09;2020-09-26T05:16:32;78075
8;Fish;605-383-8841 x081;Magnus.Buckridge@yahoo.com;Savings Account;Cambridgeshire Dynamic;2020-09-26T06:16:49;2020-09-26T03:49:06;International matrix Gold;Producer Associate strategize;Trafficway;Accountability;Borders Gorgeous Soft Pants;Architect system Incredible;PNG Chief digital;District Credit Card Account;2020-09-26T06:16:15;2020-09-26T23:52:52;2020-09-26T17:20:13;60242
9;South Carolina Valley holistic;1-643-305-3910 x0187;Khalil25@gmail.com;Intuitive;Internal;2020-09-26T12:28:23;2020-09-26T14:53:33;Chief synergies;Accounts Bedfordshire;Manat;Home Loan Account deposit Portugal;implement Tasty Cotton Bike;Checking Account firewall;Sleek;capability Electronics;2020-09-26T17:44:21;2020-09-26T08:43:50;2020-09-26T11:33:48;74657
10;withdrawal Checking Account index;(560) 868-9423 x06975;Sydnee61@gmail.com;Stravenue impactful payment;efficient;2020-09-26T11:17:12;2020-09-26T05:42:27;multi-byte Engineer;Belarus synergistic;Checking Account Norwegian Krone;User-centric;mobile SMS;1080p RSS Brand;Buckinghamshire;Lithuanian Litas Sleek gold;2020-09-26T06:27:22;2020-09-26T21:29:10;2020-09-27T01:22:34;1242
